{
  "train_loss": [
    1.1630664207167545,
    0.863158392906189,
    0.6897318981461605,
    0.6017387821512707,
    0.5180861006853944,
    0.4638974896932052,
    0.40728417251069665,
    0.2932913273825484,
    0.2704184754167573,
    0.25700501799583436,
    0.24654288173226988,
    0.23430173760753567,
    0.23072397395715874,
    0.235347076063439,
    0.22217007859025972
  ],
  "train_acc": [
    58.17796610169491,
    69.55508474576271,
    75.94809322033899,
    79.54449152542372,
    82.7542372881356,
    84.3802966101695,
    86.47245762711864,
    90.22775423728814,
    90.97987288135593,
    91.40889830508475,
    91.52012711864407,
    92.08686440677967,
    92.35699152542372,
    92.06038135593221,
    92.21927966101696
  ],
  "val_loss": [
    0.9087740648528676,
    0.7553933349067782,
    0.561224130421509,
    0.4141636370288001,
    0.551635507301048,
    0.42407663968610176,
    0.38865387673731205,
    0.21200971687281572,
    0.1818977058522495,
    0.18122843264061728,
    0.16733271163186908,
    0.16996628792197616,
    0.1712655109387857,
    0.1543963188300898,
    0.14891563832023996
  ],
  "val_acc": [
    69.67901234567901,
    73.58024691358025,
    80.41975308641975,
    85.08641975308642,
    82.32098765432099,
    86.37037037037037,
    86.5925925925926,
    92.41975308641975,
    93.55555555555556,
    93.65432098765432,
    93.9753086419753,
    93.82716049382717,
    93.70370370370371,
    94.34567901234568,
    94.69135802469135
  ],
  "lr": [
    0.001,
    0.001,
    0.001,
    0.001,
    0.001,
    0.001,
    0.001,
    0.0001,
    0.0001,
    0.0001,
    0.0001,
    0.0001,
    0.0001,
    0.0001,
    1e-05
  ]
}